"Metabolite","Original_Metabolite_Name","Population_Beta","Population_SE","Population_P","Within.Person_Beta","Within.Person_SE","Within.Person_P"
"Amide_DHA","DHA",-0.0329308449804304,0.0129474444507199,0.0109983854760747,0.0217538883444892,0.00784537881186644,0.00557982661790717
"C8_LPC.22.6.0.0","LPC 22:6/0:0",-0.0567203793795206,0.0140151507427523,5.24061923349377e-05,0.00571944956372395,0.00860016234226206,0.506059010579009
"C8_PC.34.5","PC 34:5",-0.0472540947565473,0.0149485916149436,0.00157792140414739,2.5023797851059e-05,0.00969420759685937,0.99794052488159
"C8_PC.38.6","PC 38:6",-0.0532802572768846,0.0137394112268905,0.000106292384990111,0.0102604820365399,0.00845608511116205,0.225046113827741
"C8_PC.38.1","PC 38:1",-0.0629513059231476,0.0153402490519013,4.1089408219162e-05,-0.004735654408353,0.0102399474282021,0.643767547800884
"C8_PC.39.6","PC 39:6",-0.0434927380097212,0.0139700583532682,0.00185751122119658,0.00102051495456905,0.00854001419097556,0.904886081979426
"C8_PC.40.9","PC 40:9",-0.0590897095286022,0.0135746337953492,1.36199110471518e-05,0.00579607908688556,0.00827913922951148,0.48391176875562
"C8_PC.40.6","PC 40:6",-0.0490345923021372,0.0137477133546655,0.000363781822485593,0.00576631954206486,0.00847291224294849,0.496184991521168
"C8_PC.42.5","PC 42:5",-0.0325582821612294,0.0148141285283357,0.0279951465629676,0.00369113235026796,0.00935074997753794,0.693051874863506
"C8_PC.O.38.6","PC O-38:6",0.0170090444612201,0.0142313671347509,0.232056461275182,0.00803478506162498,0.00871190578790102,0.356434089080854
"C8_PC.P.40.6.or.PC.O.40.7_B","PC P-40:6 or PC O-40:7_B",0.00981261865043079,0.0138631806704539,0.479081031883172,0.00989821716364771,0.00847216730811839,0.242739222724962
"C8_PC.P.44.6.or.PC.O.44.7","PC P-44:6 or PC O-44:7",-0.0673100721079499,0.0135810007217013,7.35937749742869e-07,-0.00260885239564985,0.00817325674588533,0.749594381749194
"C8_PC.P.46.6.or.PC.O.46.7","PC P-46:6 or PC O-46:7",-0.0581582346394545,0.0131475313875858,9.86299678589798e-06,-0.0066538790445492,0.00783559378996774,0.39582308407515
"C8_PS.34.0","PS 34:0",-0.0470573893205142,0.0146200743561494,0.00129330506199681,0.00779625074895571,0.00931144937941225,0.402481677398372
"C8_SM.44.3.O2","SM 44:3;O2",-0.0403752580603394,0.0138429246786654,0.0035488763204918,-0.00307733243621737,0.00847747402411909,0.71662087617382
"C8_SM.44.2.O2","SM 44:2;O2",-0.0384965926768296,0.0140863238415016,0.00629320697050868,-0.00510464116541684,0.00864043932316184,0.554693788680182
"C8_CE.22.6","CE 22:6",-0.0501130860595106,0.0133341617588217,0.000172468740910565,-0.00133332117665758,0.00816945371756089,0.870361888635535
"C8_TG.52.8","TG 52:8",-0.0312127397874724,0.0149109949576975,0.0363590033281271,0.000381599739582925,0.00941413500063572,0.967668588509183
"C8_TG.52.7","TG 52:7",-0.0342811949539268,0.0151084451014941,0.0232965048351114,-0.00611184600867893,0.00949678468592345,0.519886796595429
"C8_TG.54.9","TG 54:9",-0.0422301086435564,0.0146905802429646,0.00405650212611898,-0.00454777458464402,0.00922736163534468,0.622137317447795
"C8_TG.54.8","TG 54:8",-0.0490741038300064,0.0146123366663869,0.000787911695077579,-0.0110186001693498,0.00918186325712528,0.230186866832835
"C8_TG.55.6","TG 55:6",-0.000898814828097284,0.0149942993465572,0.952202058629745,-0.00813877330866,0.00932516668938362,0.382831862375439
"C8_TG.56.10","TG 56:10",-0.0448569899252629,0.0143365784441597,0.00176178144993394,-0.00310074710530731,0.00898576183247005,0.730055391459382
"C8_TG.56.9","TG 56:9",-0.043631639729448,0.0138513877438536,0.00163944336046304,-0.00708517846850289,0.00856385881910018,0.408091177111441
"C8_TG.56.8","TG 56:8",-0.0315075522134528,0.0136231925206422,0.020761984588362,-0.00658541164452825,0.00847312949671033,0.437075004478437
"C8_TG.56.7","TG 56:7",-0.0294431602429808,0.0139153260079752,0.034389798725257,-0.0108626465293089,0.00847978729113412,0.200258071046271
"C8_TG.58.11","TG 58:11",-0.0367294375206815,0.013863284132319,0.00808065209728057,-0.000909193669897867,0.00867433384022504,0.91652790994905
"C8_TG.58.10","TG 58:10",-0.0283177930906976,0.0134556725349927,0.035366909236217,-0.00387732136912354,0.00835502257214857,0.642619634506101
"C8_TG.58.9","TG 58:9",-0.0426310055011564,0.0137107814928177,0.00188242793874687,-0.00261897407062232,0.00860025318543258,0.760743646773217
"C8_TG.58.7_A","TG 58:7_A",-0.0367829557149433,0.0148811808945579,0.0134671023149498,-0.00566325003484439,0.00922362335650456,0.539250436242564
"C8_TG.60.12","TG 60:12",-0.0309550463150164,0.0135184120460267,0.0220588084490622,0.000527971330041142,0.00847012003961619,0.950300086407779
"C8_QI7297",NA,-0.0157849329585967,0.0150665910808386,0.294821126994828,0.00561128265816201,0.00953753645260139,0.556335551613837
"C8_QI5120",NA,-0.018965274501736,0.0137253804243829,0.167086477504085,0.00188975219889422,0.0084071237575689,0.822160665924544
"C8_QI11020",NA,-0.0351318911969058,0.0135286971928185,0.00942772575642512,0.00162647423270054,0.00829595544441432,0.84457488769219
"C8_QI1850",NA,-0.00553164543521479,0.0155425376884228,0.721922825130973,0.00230291052387092,0.00987581943378336,0.815627255254692
"C8_QI9896",NA,-0.0328053778040304,0.0136491016467746,0.0162642911965644,0.0141234942821767,0.00854645526556261,0.0984901305808013
"C8_QI2435",NA,-0.00713660172668308,0.0144050943931937,0.620316681977146,0.0134843865072625,0.00926892554647189,0.14579458492927
"C8_QI3132",NA,-0.0165716903202661,0.0132594853790956,0.211414750952944,0.00428230542484197,0.00804330150335382,0.59447081399105
"C8_QI8941",NA,-0.0286666428327405,0.0151870901621181,0.0591226859470815,0.0129715602955439,0.00974318676209527,0.183141231348054
"C8_QI3326",NA,-0.0362380119893629,0.0149850797198896,0.0156181871001397,0.00572269641457488,0.00954478590505087,0.548827882087375
"C8_QI3325",NA,-0.046204194555415,0.0147902874661034,0.00179121493643732,0.00571497772240021,0.00939724517818791,0.543115537852116
"C8_QI3338",NA,-0.0487888146729685,0.0140814227993028,0.000533778483435118,0.00966678598299272,0.00868123019805623,0.265541044445894
"C8_QI3437",NA,-0.0672260087898327,0.0140881156764621,1.86136639056332e-06,0.00302102863418051,0.00870679316079733,0.728627009328929
"C8_QI8783",NA,-0.0638134251009028,0.0143362019341705,8.66890790217699e-06,-0.0102587931740738,0.00875178245095601,0.241179830372959
"C8_QI8717",NA,-0.0974792200998142,0.0149013031159652,6.48529301433491e-11,-0.00206618822744586,0.00952716608824135,0.82831736323595
"C8_QI8654",NA,-0.00646993300034705,0.0144738178637512,0.654881402576128,0.00355566093286805,0.00907272539638694,0.69514555306338
"C8_QI3670",NA,-0.0418300500281843,0.0137255696493819,0.00231515623608522,-0.00323450001939603,0.0083847569358784,0.699692639002192
"C8_QI3679",NA,-0.0399140837243158,0.0134683790045412,0.00305122905740193,-0.000244493410269515,0.00826143628215438,0.976391730385331
"C8_QI3698",NA,-0.0280471287331574,0.0147180208006048,0.0567375007091286,-0.00035985097809999,0.00910849625992125,0.968487776274709
"C8_QI8300",NA,-0.0282768474653048,0.0148605354088741,0.0571034920377333,0.00150198563878508,0.00935395829588868,0.872437499878939
"C8_QI8223",NA,0.0512312557340488,0.0135281254473821,0.000153783043611246,-0.00177186764203702,0.00807312216688087,0.826288160281346
"C8_QI8146",NA,-0.0469850467077975,0.0129383898754809,0.000283872859561596,-0.00443812894232084,0.00780035929119919,0.569408807446611
"C8_QI8066",NA,-0.00104934834030922,0.0143037255929167,0.941520143918305,-0.00578246843513257,0.00893059706830354,0.517348074152275
"C8_QI7914",NA,-0.0594774316870466,0.0141384441783838,2.62195648941298e-05,-0.00323428408184193,0.00867394766204,0.709260854566959
"C8_QI7760",NA,-0.00662761606433155,0.0149552912454599,0.657661676484444,-0.0182849838339927,0.00932446737980174,0.0499435409770018
"C8_QI4968",NA,-0.0400189498296023,0.0144574840945627,0.00565350799311376,0.00593499815765074,0.00908020438580233,0.513390380615248
"C8_QI4993",NA,-0.0445585138694857,0.0137739697481125,0.00122193821677185,-0.0078257983055882,0.00863446806618767,0.36480246966414
"C8_QI7229",NA,-0.0435445169555978,0.0142578573246162,0.00226566410444314,-0.00787821364584929,0.00893173417567797,0.37779836399338
"C8_QI7070",NA,-0.0147423762746574,0.0140507990442041,0.294113063645821,-0.000267840700194513,0.00852664965865442,0.974942225122445
"C18_Eicosapentaenoic.acid","Eicosapentaenoic acid",-0.0345117703282408,0.0136029926768195,0.0111993321786456,0.0205178597386675,0.00837165443111912,0.0142882335713281
"C18_Docosahexaenoic.acid","Docosahexaenoic acid",-0.0181019728823936,0.0132044262447651,0.170449080148504,0.0250932115371371,0.0080405735080889,0.00181490926675493
"C18_Docosapentaenoic.acid..22n.6.","Docosapentaenoic acid (22n-6)",-0.00110926605703863,0.0138792268732107,0.936300910040201,0.0187597620336439,0.0085623754493402,0.0285060107598871
"C18_X11.methyl.lauric.acid","11-methyl lauric acid",-0.0227826857161351,0.0140059485381357,0.103856338183364,0.022089135243591,0.0086771893091843,0.0109405933137443
"C18_QI46395",NA,-0.0248708545698215,0.0137170273502289,0.069851817337645,0.00446778721095968,0.00853192601589788,0.600544056691545
"C18_QI46396",NA,-0.0295226276062383,0.013650607232925,0.0305938614278447,0.0040776602265681,0.00856865366448949,0.634182329601787
"C18_QI46781",NA,-0.0109893606465919,0.0137692166835726,0.424831614438991,-0.00916788648927139,0.00878833696987651,0.296917163000349
"C18_QI46812",NA,-0.0102513413456887,0.0138398711565073,0.458892136322468,-0.00837312721110129,0.00885498226571439,0.344411815057846
"C18_QI47166",NA,-0.0331063982042522,0.0131274793322492,0.0116927671750917,-0.00209278051402436,0.00822241192014738,0.799104311705289
"C18_QI49700",NA,-0.0281092050897291,0.013798496114357,0.0416735261813447,0.00107356957286487,0.00870087184318887,0.901806604431523
"C18_QI49706",NA,-0.0278861837043096,0.0137919993302493,0.0432216498024489,0.00150234046376871,0.00869347354782022,0.862806616752951
"C18_QI49710",NA,-0.026468569626234,0.0138763833959004,0.0565004748814474,0.000105054688353902,0.00876338336751818,0.990435787664029
"C18_QI49714",NA,-0.029270807271112,0.0138372125346835,0.0344319918130064,0.00115184987289361,0.00871258119439275,0.894827785500711
"C18_QI49716",NA,-0.0277920864962915,0.0138571832287551,0.0449344426718496,0.0016721450968091,0.00873715610950234,0.848233960256108
"C18_QI49720",NA,-0.0255616214706013,0.0138804869633103,0.0655809478997423,0.00247222148894234,0.00876207924013819,0.777841381833785
"C18_QI49721",NA,-0.027159140007424,0.0139333290325442,0.0513067983312906,0.00118175240783872,0.0087941087078104,0.893108070129283
"C18_QI49733",NA,-0.0265042758253025,0.013983449058406,0.0580780337133402,0.00236965836111727,0.00881156050689076,0.787998862501604
"C18_QI10880",NA,-0.0442917224930201,0.0144095088514714,0.00212133658670795,0.0134633613789827,0.00909363317142572,0.138803449354434
"C18_QI11017",NA,-0.0542924782631736,0.0142131615723876,0.000134640927884527,0.0123308000729862,0.00877204908794304,0.159884183575245
"C18_QI11070",NA,-0.0552506047524547,0.0142560249035446,0.000107306254506,0.00962653937983725,0.00880420798817621,0.274275529681611
"C18_QI11584",NA,-0.0501055084634196,0.0143344383525703,0.000476015570856779,0.0108836659418658,0.00905044951523043,0.229211820833658
"C18_QI11587",NA,-0.0468547660569458,0.0143897763154257,0.00113456619813091,0.0121213821686038,0.00909868289718962,0.182857836194795
"C18_QI11740",NA,-0.0513259705313546,0.0142842800254643,0.000328845157300851,0.0136570480444245,0.00881898419578678,0.121548695891797
"C18_QI11743",NA,-0.0520251481684224,0.014221314828812,0.000255760982675204,0.0124677414923165,0.00874934282656576,0.154228606348141
"C18_QI11750",NA,-0.0536478965381863,0.0142336554371799,0.000165157096011479,0.0120845914665698,0.00876320812604227,0.167958322931395
"C18_QI11755",NA,-0.053337856705706,0.0142525113573359,0.000183732029199761,0.0120777746056103,0.00876624595980507,0.168345807730878
"C18_QI12574",NA,-0.0136054981734107,0.0136243233839516,0.318013162744627,0.0171722924107302,0.00840362817366173,0.0410667022302982
"C18_QI13002",NA,-0.0145473763834686,0.0128722451533975,0.258458649668069,0.0139531347279857,0.00773297947595802,0.0712401727126458
"C18_QI13014",NA,-0.00790815412298275,0.012990954022462,0.542714544828752,0.0161758505443564,0.00785251894471992,0.0394597343967344
"C18_QI13135",NA,-0.0728259081362287,0.0140472855182549,2.22977104452079e-07,0.00217195127839359,0.00850462158757446,0.798438599098128
"C18_QI13137",NA,-0.0559778016393204,0.0129900933509245,1.66174372160834e-05,0.00832301964779614,0.00769117278269137,0.279244380495361
"C18_QI13138",NA,-0.0512725749940173,0.0130136548694607,8.23658905889333e-05,0.00830065612057711,0.00767283727437093,0.279390628975904
"C18_QI13141",NA,-0.0560705054459267,0.0129007070803064,1.405249765144e-05,0.00887013441739262,0.00763292101210643,0.245262306245078
"C18_QI13144",NA,-0.0577109667547241,0.0131171411069619,1.10098603468471e-05,0.00647175207222933,0.0078098963983399,0.407341393836719
"C18_QI13468",NA,-0.0460702692522209,0.0125162403689684,0.000234183284793229,-0.00354099049852824,0.00768387599027253,0.644940184917271
"C18_QI13541",NA,-0.0152725329349586,0.0129619453175582,0.238735660248837,0.0101350454416254,0.00765661293143357,0.185670496694838
"C18_QI13534",NA,-0.015636825805187,0.0129515169012604,0.227344546114761,0.0152412058356547,0.00777126135534635,0.0499138330496809
"C18_QI13537",NA,-0.0146600451957892,0.0132649555660865,0.269125656836055,0.00965115495689271,0.00783964080220313,0.218360592917637
"C18_QI13538",NA,-0.0151011041150773,0.0129097253442474,0.242143553213682,0.0150880779264024,0.00775355122281898,0.0517216783383657
"C18_QI13627",NA,-0.0486177789585114,0.0132132665264381,0.000235550362451689,0.00936630080275767,0.00788181098524723,0.234762668480384
"C18_QI13636",NA,-0.0471145312223627,0.0132243147586319,0.000369523670101432,0.00893362741590858,0.00794934804249401,0.261150866203359
"C18_QI13637",NA,-0.0510640353884117,0.0129927953098787,8.57397101564823e-05,0.0089594376754421,0.00772571481611092,0.246238003207256
"C18_QI13639",NA,-0.0487398715837185,0.0130122873427419,0.000181423368007108,0.00895712056969901,0.00773052494717642,0.246654038431914
"C18_QI13640",NA,-0.00510572278345675,0.0136388093229548,0.708153811023271,-0.00482070147036441,0.0081175301422003,0.552633216309254
"C18_QI13642",NA,-0.040257307429955,0.0133612149366984,0.00259605068323465,0.00685015863760858,0.00810631650963269,0.398133768531478
"C18_QI14104",NA,-0.0370823018657883,0.0142872491890148,0.00946622981168732,0.0124749525837373,0.00852279293116267,0.143341471958886
"C18_QI15160",NA,0.058093051226121,0.0119450242461354,1.18378194483346e-06,0.0128498523763676,0.0068498121490902,0.0607292593467505
"C18_QI15652",NA,0.0320118516474491,0.0145762183336311,0.0281106170296731,0.0165979158597584,0.00925236074584146,0.0728948943186518
"C18_QI16352",NA,-0.0283487104384361,0.0135633935198858,0.0366449293677956,0.0140737879797571,0.00832034831410538,0.0908115381479462
"C18_QI16867",NA,-0.00789413641801051,0.0141947880041898,0.578140116408454,0.0151900918938006,0.00867861065583708,0.080137689105008
"C18_QI17491",NA,-0.0408631860324502,0.0136227699924161,0.00271210339492214,0.00849111091823851,0.00864255577476937,0.325917477519263
"C18_QI18689",NA,0.0382791856181673,0.0119683552919512,0.00138961207840994,-0.00384466218215863,0.00682779802071376,0.573403191813613
"C18_QI18681",NA,-0.0339766246440151,0.0140435399451118,0.0155712670587967,0.0132626107512181,0.00880021755475611,0.131861517357249
"C18_QI18792",NA,-0.0203489469185525,0.0134810202255391,0.131226605239373,0.0193042070711134,0.00841469203270156,0.0218296850539465
"C18_QI19318",NA,0.00487713697285193,0.0135327270581938,0.718561501079588,0.0174343425351375,0.00855916564112938,0.0417159057754962
"C18_QI19592",NA,0.0315075215995568,0.0106095903547555,0.00299474403854515,0.00588979462029538,0.005944787583765,0.321866764867029
"C18_QI19734",NA,0.0219622696286484,0.012260379038315,0.073291914669631,-0.000633656599755376,0.00705744863645103,0.928461723610424
"C18_QI19857",NA,0.0319474082728944,0.0119573873357033,0.00756527555416357,-0.000144721821581459,0.00689494361852452,0.983254925709772
"C18_QI19930",NA,-0.035499022090369,0.0136047314131688,0.00909119734743836,0.0208930108455937,0.00836018425605722,0.0124854750484926
"C18_QI20106",NA,-0.0201672629084861,0.0141999940050397,0.155582591905524,0.0255285400452754,0.00901447579309882,0.00464714902481453
"C18_QI20356",NA,0.0350281441029874,0.0111375016177628,0.00166942449793576,0.00166562961366509,0.00627747740936363,0.790764503629584
"C18_QI21039",NA,-0.0170848146082585,0.0132023308942489,0.19568154646629,0.0264313463006319,0.00804246832782472,0.00102229843299732
"C18_QI21046",NA,-0.0309604025522848,0.012867372991411,0.0161499069593197,0.0196793160020625,0.00765192662620669,0.0101486723352514
"C18_QI21963",NA,-0.00586018365859973,0.0139381100253208,0.674174714462359,0.0159969103066047,0.00842011072641835,0.0575175629367015
"HILIC_CAR.13.0","CAR 13:0",-0.0384183687859412,0.0130413476479363,0.00323069880253392,0.00413590109360074,0.00796052132606133,0.60340140958879
"HILIC_CAR.16.4","CAR 16:4",-0.0445911212992587,0.0136868725404831,0.00112726158483102,-0.00198767501087636,0.00862636246642614,0.81777686784955
"HILIC_PC.P.36.5.or.PC.O.36.6","PC P-36:5 or PC O-36:6",0.0319328047826024,0.0147206168404968,0.0300944831363855,0.0115470486235206,0.00941591742688794,0.220137222371608
"HILIC_PC.P.35.1.or.PC.O.35.2","PC P-35:1 or PC O-35:2",0.113265736973896,0.0142123765990073,1.84762546003438e-15,0.0147840317298593,0.00857611780544535,0.084800735841171
"HILIC_PC.P.38.6.or.PC.O.38.7","PC P-38:6 or PC O-38:7",0.0123335304348795,0.0128526784073208,0.337286306692251,0.0118660100222963,0.00771323735221062,0.124021775672809
"HILIC_LPE.22.6","LPE 22:6",-0.0193879298307654,0.013281411639702,0.144395316433331,0.0180244109560835,0.00805600896995678,0.0253093515241963
"HILIC_PE.P.35.2.or.PE.O.35.3","PE P-35:2 or PE O-35:3",0.10717996072712,0.0148796458949014,6.47457799443086e-13,0.0154925134480876,0.00923308987538295,0.093428808234786
"HILIC_PE.P.38.6.or.PE.O.38.7","PE P-38:6 or PE O-38:7",0.00208025271020143,0.0129571347370834,0.872453344425071,0.0141254880556074,0.00788506467567033,0.0732919627779257
"HILIC_PE.P.38.4.or.PE.O.38.5","PE P-38:4 or PE O-38:5",0.126117345390982,0.0144674682203158,3.491492129415e-18,0.0122155258747174,0.00893307142235526,0.171552319829198
"HILIC_PE.P.40.6.or.PE.O.40.7","PE P-40:6 or PE O-40:7",0.0186276258640658,0.0129708288955981,0.151014609645808,0.0200673271028347,0.0077723834286218,0.00985761886309732
"HILIC_PE.38.6","PE 38:6",-0.0140257515997175,0.0128916198826862,0.276647144023025,0.00799250332896459,0.00754966778336543,0.289813569650836
"HILIC_PE.40.6","PE 40:6",-0.00310585027823707,0.0131095489221187,0.812730212214643,0.00717288183336453,0.00766427435789253,0.349382716504462
"HILIC_QI03113",NA,-0.0205384647740445,0.0138126959787587,0.137081690785831,0.00665473465130065,0.00818116950718404,0.416020280706882
"HILIC_QI03469",NA,0.0636664581174103,0.0130766683584835,1.14908782980356e-06,0.00290216413825126,0.00776060463785141,0.708450902983565
"HILIC_QI03413",NA,0.0370020496244396,0.013558504959119,0.00636712352512594,0.00356249891204162,0.00828179049481348,0.667100461804533
"HILIC_QI04038",NA,0.0359933873954558,0.0117672485332626,0.00223259616293663,0.00330210223834784,0.00670218670939392,0.622255874746433
"HILIC_QI04484",NA,-0.031169434890442,0.0139815747982453,0.0258222558368477,-0.00121462528753868,0.008873568139019,0.891130828928938
"HILIC_QI06581",NA,-0.0562615556939874,0.0135607472416241,3.37973653828977e-05,-0.00245126598741433,0.00837224680323214,0.769700124718986
"HILIC_QI14027",NA,-0.0222542278069922,0.0135595414104913,0.100796291449804,0.0224432868204488,0.0081901349689818,0.0061630829033723
"HILIC_QI14075",NA,0.0143477496432999,0.0145772088315235,0.325021636644389,0.0221563526719579,0.00889910583812425,0.0128199180953429
"HILIC_QI14851",NA,-0.02511567866704,0.0141319995336616,0.0755744960328218,0.0151555189816927,0.00864810159443167,0.079761363427635
"HILIC_QI14871",NA,-0.0211882540306847,0.0131571765889287,0.107356982345851,0.0162160060221178,0.00797095431833504,0.0419738508755614
"HILIC_QI14939",NA,0.145316220677544,0.0149676098142499,3.75518662589818e-22,0.0158218610505955,0.0093850160277092,0.0918903416814072
"HILIC_QI14950",NA,0.00202816127585343,0.013325517647299,0.879032471355156,-0.000957610209285327,0.00813941747264206,0.906349459823896
"HILIC_QI14962",NA,-0.0028957820599199,0.0146665176512367,0.84348723108492,0.0126573651603996,0.00946434719933882,0.181168374806974
"HILIC_QI16652",NA,-0.0630994298333545,0.0136909637248708,4.11854290581864e-06,0.0100855912845527,0.00847358380888485,0.234015702002937
"HILIC_QI18275",NA,-0.0507356672139383,0.0143718104943983,0.000417756790607646,0.0113834638848438,0.00898248296678375,0.205115180259047
"HILIC_QI18984",NA,0.0684571442788117,0.0112551289510731,1.25919879345032e-09,-0.00597663673390752,0.00643511708474218,0.353067565852275
"HILIC_QI19128",NA,0.116875129557482,0.0118137635823708,6.62914925755489e-23,0.0113989611428519,0.00681673481250731,0.094555724478071
"HILIC_QI19305",NA,0.0748251190930578,0.0116882406331869,1.66092279701507e-10,0.00530152564859041,0.00665578581650924,0.425770336306208
"C8_LPC.17.0.0.0","LPC 17:0/0:0",-0.0181086187378233,0.0151919814405965,0.23330462386053,-0.000154215628070998,0.0097669359068056,0.987402972222188
"C8_TG.54.3","TG 54:3",-0.0188898815888259,0.0148370022498074,0.203001138905368,-0.0290167500201704,0.00933756483656079,0.0018981764090388
"C8_QI12040",NA,0.0169039257159975,0.0154309691809482,0.27335318560761,0.00318621004947423,0.00970575129525029,0.742714470876227
"C8_QI11962",NA,0.0112621373028973,0.0154969765894479,0.467413478682627,0.00196334527822521,0.00980598582379216,0.841318232633958
"C8_QI11946",NA,-0.00442432051298614,0.0145674030087424,0.761355045442889,-0.000481627075965771,0.0087984458218411,0.956348011964867
"C8_QI295",NA,-0.00554455199934545,0.0147159971367369,0.706355708706382,-0.0161097951081212,0.00887676065357336,0.0696160432151743
"C8_QI11950",NA,0.000741841412764023,0.0148165840535108,0.960069371751877,0.0037066379183853,0.00898111844219237,0.679835375765189
"C8_QI303",NA,-0.0211406957055771,0.0153585130770165,0.168714789385471,-0.017517277879721,0.00959932161943422,0.0680895756159571
"C8_QI300",NA,-0.0020084181884343,0.0146998125542106,0.891328111146688,-0.0119756323508026,0.00890030457484022,0.178521548871383
"C8_QI11918",NA,0.00267351693973128,0.0151413384820974,0.859850525459262,0.000845858294322859,0.00936522128593809,0.928037616994481
"C8_QI320",NA,0.00291599005574043,0.0151769071055108,0.847643139976566,0.000590988314647044,0.0093662355292392,0.949691440801387
"C8_QI357",NA,0.00667986229953097,0.014997370421266,0.656042639626111,0.00150374181873736,0.00915924937118283,0.869598810962009
"C8_QI11802",NA,-0.00178034461414514,0.0154227066982882,0.908102230628431,0.00644061407113867,0.00964988996674864,0.504532075630911
"C8_QI11801",NA,0.0046353025332399,0.0154026569564228,0.763467390634572,0.00553041651145739,0.00966796239122691,0.567326312343143
"C8_QI502",NA,-0.0234958200725025,0.0153829668374885,0.126706557462159,-0.0216120610296925,0.00962500431976496,0.0247897973368874
"C8_QI11640",NA,-0.0215745355098775,0.0146043696831825,0.139649797357509,-0.0130948107390572,0.00879169446431376,0.136437784247332
"C8_QI620",NA,-0.00312525943084302,0.0153158172447719,0.838316690992252,0.000589809382779312,0.00952471835214148,0.950625998054975
"C8_QI605",NA,-0.0192497771497434,0.0147061815293064,0.19059150365382,-0.00386625509186395,0.00888813547846067,0.663589912267176
"C8_QI11635",NA,-0.0249757178310359,0.0151255621655566,0.0987359399802873,-0.0130102741726781,0.00932203250524047,0.162888522586077
"C8_QI607",NA,-0.021619422652004,0.0152238192204707,0.155619887419446,-0.0085786189137936,0.00944712886802631,0.363891515441168
"C8_QI608",NA,-0.0334210040762783,0.014804697174295,0.0240098140574718,-0.0218501621498238,0.00899357317509464,0.015157072802644
"C8_QI611",NA,-0.0166704712843106,0.0151135149351826,0.270056698894087,-0.0137184756842051,0.00924453510196494,0.137889744207385
"C8_QI659",NA,-0.00158188279579864,0.0149459550701946,0.915712130074835,-0.00401642387101922,0.00911915635975291,0.659640799529528
"C8_QI699",NA,-0.0170840134734185,0.0155066487877906,0.270618294579371,-0.0192896035034212,0.00980911184574002,0.0493021851055983
"C8_QI791",NA,-0.0189826241416,0.0151364207770551,0.20984544641736,-0.0113260422101226,0.00930298240602917,0.223490781810503
"C8_QI11467",NA,-0.0154128124276694,0.0143794303627172,0.283819062533452,-0.0153827583995515,0.00853322910151767,0.071503568056684
"C8_QI11450",NA,-0.0118560238123961,0.0151733330219232,0.434609055996674,-0.0144711765282766,0.00936119708456037,0.122205879369503
"C8_QI11446",NA,-0.041074030790238,0.0150277068166724,0.00628727993398655,-0.0251294755973105,0.00918969926195379,0.00627110173815183
"C8_QI879",NA,-0.018365369756997,0.0151258537726438,0.224722314647671,-0.00980546711473869,0.0092982255274971,0.291685630997123
"C8_QI887",NA,0.00935997366655314,0.0153088311427779,0.540947233588843,0.00648629130930386,0.00948762933686051,0.494226148588065
"C8_QI11354",NA,-0.00641051349639981,0.0152307661582599,0.673846158817222,-0.000747581976339769,0.00940326424874826,0.936636528712302
"C8_QI11299",NA,-0.00812517717011092,0.0154432537880278,0.598812901669974,-0.00542945878577834,0.00972351695762382,0.576610158552132
"C8_QI11274",NA,-0.037731184257965,0.0153036964226842,0.013705208440307,-0.0108622682353115,0.00951576000597115,0.25372014838035
"C8_QI11207",NA,0.00796412587667012,0.0154835013219188,0.60701397989499,-0.00379803071808954,0.00997444733804659,0.703387703447222
"C8_QI11062",NA,-0.00904892017663239,0.0154826113880077,0.558930712553636,-0.00707828404933787,0.00974893351253679,0.467840983123994
"C8_QI1170",NA,-0.00944716064691697,0.0144092768127708,0.512084396774729,-0.0121366735480971,0.00855237104039938,0.155938734344115
"C8_QI1202",NA,-0.00627343065984436,0.0153951308767578,0.683656748594772,-0.00895320421631304,0.00960873701316297,0.351501247253651
"C8_QI1244",NA,-0.0186881760720548,0.0155293295183725,0.228855568022604,-0.014201408713404,0.0097645505502048,0.145908361981288
"C8_QI10998",NA,-0.0285801412908758,0.0153160165015938,0.0620770928488449,-0.0223761547346735,0.00955024773310215,0.0191724172250687
"C8_QI1352",NA,-0.00661473051355276,0.0151622940787264,0.662659820826856,-0.0171266966953287,0.00932200310791561,0.0662400943309674
"C8_QI10837",NA,0.00284640344445666,0.0155337196841762,0.854614480403385,-0.0194814465710212,0.00979975852823554,0.046876396841613
"C8_QI1410",NA,-0.00778165575296259,0.0149022798307485,0.60156220102886,-0.0139784428042188,0.00905401685677986,0.122684420912874
"C8_QI1471",NA,-0.00674292205193231,0.0150448878003008,0.654031823455383,-0.00440650716579351,0.00924258427442327,0.633555235713051
"C8_QI10726",NA,-0.0167214772622627,0.0155442782381517,0.282082143280074,-0.0052533307745107,0.00980507968044216,0.592139343344648
"C8_QI1514",NA,-0.00804335056905246,0.0147130876037592,0.584616172395739,-0.00246983915943897,0.00885716570223042,0.780371000228852
"C8_QI10722",NA,-0.0154102676080518,0.0147818876332602,0.29721097852101,-0.0140177162506511,0.00897623201335358,0.118440895293875
"C8_QI1560",NA,-0.0245779610643961,0.0145412857411465,0.091031596077969,-0.0135261048025113,0.00869838667532045,0.120012981452124
"C8_QI10686",NA,0.0255628665695918,0.0150477035209335,0.0894020736484906,0.0106341059522853,0.00928380562803908,0.252084756906596
"C8_QI10680",NA,-0.0212849086512445,0.0144283443041624,0.140201373030158,-0.0142787618097128,0.00858858429499511,0.0964764930611304
"C8_QI1567",NA,-0.00802318859922847,0.0147030425075775,0.585302010184974,-0.00760290921071087,0.00884632385370408,0.390142130383223
"C8_QI10448",NA,-0.006338915901338,0.015105045957739,0.674749719696263,-0.0101732855996562,0.00925948218151933,0.271962712006479
"C8_QI10423",NA,-0.00901186469285674,0.0142684997638493,0.527675412015395,-0.00462469641323764,0.00846144053114461,0.584707472426187
"C8_QI1817",NA,-0.00821250155546501,0.0146802508019602,0.575889777013812,-0.00865377965740793,0.00882872786951371,0.327048580120678
"C8_QI10392",NA,-0.0059087559119356,0.0153550987909428,0.700391286292796,0.00295370261046155,0.00958490093737401,0.757973588469254
"C8_QI1950",NA,-0.0152539108075338,0.0154068181536273,0.322169786640814,-0.00920215924659485,0.00965749953809702,0.340716071113753
"C8_QI10256",NA,0.00861915444903363,0.0152174637586846,0.571140259277436,-0.00533378595481606,0.00937347642966573,0.569364030845411
"C8_QI1958",NA,0.00725761830267724,0.0153255156096767,0.635824636375794,-0.00759956007286026,0.00958362050442346,0.427834348598948
"C8_QI1990",NA,0.00216891160437537,0.0154184506847965,0.888134582886245,-0.0119741364567713,0.00967413352284973,0.215874110894814
"C8_QI10254",NA,0.0112404207188117,0.0148867456146493,0.450236594408243,-0.00391859021987034,0.0090792901401033,0.666055075646547
"C8_QI2028",NA,0.00685468677076924,0.0151292038024123,0.650507305722142,-0.012125598063513,0.0093033786303076,0.192519760787769
"C8_QI2157",NA,0.003296599636358,0.0149268244278913,0.82521511289539,-0.0062285249343199,0.00903206406707372,0.490479933932552
"C8_QI2158",NA,0.00689193288608436,0.0151235247214312,0.648612693339879,-0.0122445762216775,0.00929122745825143,0.187615439162957
"C8_QI10083",NA,-0.0098231612147943,0.0152401281617726,0.519233548365057,-0.00776799496100949,0.00937315985297404,0.407289806439303
"C8_QI9990",NA,-0.0245973140447831,0.0147370852926973,0.0951452929514924,-0.0168343684551019,0.00915468172644257,0.0659989165026345
"C8_QI9619",NA,0.000971024584813231,0.0157458013854921,0.950828210594472,-0.0288534537843894,0.0105028241792418,0.00603676797370218
"C8_QI2685",NA,-0.00724134407209637,0.0144425433378389,0.616113109157339,-0.0101825439362242,0.00859935709211905,0.236433477864221
"C8_QI9453",NA,-0.0189361470896003,0.0151813372239383,0.212316756325914,-0.0185041605144752,0.0093487604111145,0.0478404452425053
"C8_QI2905",NA,-0.00925008235454844,0.0146072177571778,0.52658876653851,-0.00268487920013479,0.00874455909281921,0.758831397758652
"C8_QI9336",NA,-0.0097094658043157,0.0146274203593431,0.506849960659532,-0.0104114891974534,0.00877784964451917,0.235641123811249
"C8_QI8758",NA,0.00566098323141668,0.0139436323564611,0.684762186035073,-0.00788220930378975,0.00834815629026873,0.345124932828306
"C8_QI3552",NA,-0.0201697944101619,0.0150508941980539,0.180251779448448,-0.0195843882751455,0.00952872968834167,0.0399068075338797
"C8_QI8611",NA,-0.0484050933258535,0.0150220085320959,0.00127729491251933,-0.0118675059686636,0.00939237762812549,0.206464706633061
"C8_QI8521",NA,-0.0258188606426512,0.0144367667414721,0.0737520098860641,-0.0189079358858846,0.00885292720014624,0.0327499345409964
"C8_QI7126",NA,0.0335594676545693,0.0143735895090505,0.0195804730907575,-0.0220338615538644,0.00902247540071963,0.0146394669491556
"C8_QI5232",NA,0.0131079210480789,0.0144736214424715,0.365155821763606,-0.0219695649194831,0.00885833069473627,0.0131705840472172
"C8_QI5367",NA,-0.0295035846854261,0.0148206692124844,0.0465501010455811,-0.0342720274025853,0.00929706931045248,0.000230158455290032
"HILIC_QI14974",NA,0.0109146431760275,0.0125640710536121,0.385034720452213,-0.0126634486370894,0.00727447955732695,0.081787042716011
