"","Metab","Nobs","Beta","SE","P","Model","P_fdr"
"1","Amide_DHA",7628,0.0233060708291334,0.00785920290960389,0.00303799435451884,"lmer",0.120654289669331
"2","C8_LPC.22.6.0.0",7627,0.00935148432897728,0.00866312487740308,0.280440841691026,"lmer",0.597235125823481
"3","C8_PC.34.5",7625,0.00434952820953145,0.0096890111843171,0.653515427659475,"lmer",0.844430046975726
"4","C8_PC.38.6",7627,0.0132633673951026,0.00851441461523058,0.119361157295616,"lmer",0.403721561441054
"5","C8_PC.38.1",7626,-0.00351271853120097,0.0102559796236762,0.731987168239044,"lmer",0.881450516727645
"6","C8_PC.39.6",7626,0.00549840036840789,0.00859023240935399,0.52215561943716,"lmer",0.760099952345233
"7","C8_PC.40.9",7627,0.00917182246509378,0.00834561089797192,0.271826563911429,"lmer",0.597235125823481
"8","C8_PC.40.6",7627,0.00895930445540806,0.0085486973541476,0.294679682590682,"lmer",0.616148427235062
"9","C8_PC.42.5",7626,0.00492898871706337,0.00938661860638974,0.599533619693317,"lmer",0.815221645325808
"10","C8_PC.O.38.6",7626,0.00620943255946738,0.00864242318582065,0.472496626229917,"lmer",0.734285297519466
"11","C8_PC.P.40.6.or.PC.O.40.7_B",7626,0.00851075485875326,0.00838690614929509,0.310270889179125,"lmer",0.620541778358251
"12","C8_PC.P.44.6.or.PC.O.44.7",7626,0.00222028834434564,0.0082116150083189,0.786877290098651,"lmer",0.918689221942587
"13","C8_PC.P.46.6.or.PC.O.46.7",7626,-0.000136808875030736,0.00780422214078481,0.986014486830236,"lmer",0.990320226947398
"14","C8_PS.34.0",7626,0.0135054591214836,0.00930419683814712,0.146697013589778,"lmer",0.462196070214368
"15","C8_SM.44.3.O2",7626,0.000816873419364568,0.00857350592599211,0.92409756636554,"lmer",0.961730498932462
"16","C8_SM.44.2.O2",7626,-0.00098776563643269,0.00872289351003397,0.909846624463826,"lmer",0.960538424478515
"17","C8_CE.22.6",7626,0.00327587040849915,0.00820985326850197,0.689899642801955,"lmer",0.866677702038467
"18","C8_TG.52.8",7609,0.00487646307617617,0.00941233383046657,0.604418795487714,"lmer",0.815221645325808
"19","C8_TG.52.7",7626,-0.00350254508713521,0.00950556595972139,0.712537665150446,"lmer",0.871721611620227
"20","C8_TG.54.9",7601,0.00133016831832207,0.00918208349573515,0.884823396779362,"lmer",0.951346777107266
"21","C8_TG.54.8",7626,-0.00594851378944018,0.00913749281527589,0.515078903814092,"lmer",0.760099952345233
"22","C8_TG.55.6",7627,-0.0045426524982875,0.0093184600494858,0.625934853881245,"lmer",0.827385151682105
"23","C8_TG.56.10",7624,0.0036212491781419,0.00889926625469457,0.684089219154449,"lmer",0.866677702038467
"24","C8_TG.56.9",7626,-0.000868481842675107,0.00851607564027551,0.918775884283797,"lmer",0.960538424478515
"25","C8_TG.56.8",7626,-0.000342914556916797,0.00842320943088953,0.967528337453266,"lmer",0.986057783680272
"26","C8_TG.56.7",7627,-0.00562803508561866,0.00844592510296021,0.505214260088825,"lmer",0.754540778054739
"27","C8_TG.58.11",7626,0.00662510374266253,0.00857233370444048,0.439652992306384,"lmer",0.71490898183611
"28","C8_TG.58.10",7625,0.00325229589873265,0.00826884883171496,0.694102275385043,"lmer",0.866677702038467
"29","C8_TG.58.9",7627,0.00441113759504813,0.00855393829413962,0.606099571090057,"lmer",0.815221645325808
"30","C8_TG.58.7_A",7625,-0.00025490738039441,0.00915559072136193,0.977789620303948,"lmer",0.986366722236439
"31","C8_TG.60.12",7614,0.00689692462089229,0.00847312835866569,0.41570126556445,"lmer",0.70302419911635
"32","C8_QI7297",7626,0.00572794096923013,0.00948498679604733,0.545942959013901,"lmer",0.772819918730157
"33","C8_QI5120",7627,0.00746079990869558,0.00842905027154324,0.376133689991099,"lmer",0.682506910710684
"34","C8_QI11020",7627,0.00561130117780042,0.00834081596296799,0.501139308392249,"lmer",0.753346672746517
"35","C8_QI1850",7627,-0.00343883777304148,0.00954240361373054,0.718583938235464,"lmer",0.874467226424109
"36","C8_QI9896",7626,0.0168982264462022,0.00859889124021612,0.049455691943927,"lmer",0.309287582643085
"37","C8_QI2435",7626,0.0165335356484538,0.00930287366333907,0.0755933769052303,"lmer",0.332420406093621
"38","C8_QI3132",7608,0.00913772939182054,0.00807765283555525,0.258016077435171,"lmer",0.58756136445633
"39","C8_QI8941",7624,0.0156399510015736,0.00976011959871041,0.10912849818161,"lmer",0.388093154845261
"40","C8_QI3326",7606,0.0114967280791723,0.00948629622088661,0.22560206955744,"lmer",0.55842262201007
"41","C8_QI3325",7627,0.0109525798414697,0.00936599639604305,0.242304570176372,"lmer",0.580521366047558
"42","C8_QI3338",7626,0.0124311474401296,0.00872856161569902,0.154459417566203,"lmer",0.47356375487663
"43","C8_QI3437",7624,0.00694509683769502,0.00876818260554052,0.42835549916448,"lmer",0.708789674876478
"44","C8_QI8783",7626,-0.00662621711699147,0.00879377245580751,0.451180758106315,"lmer",0.720635933086476
"45","C8_QI8717",7626,-0.00620650179972788,0.00900181276924947,0.490561074836648,"lmer",0.752193648082861
"46","C8_QI8654",7615,0.00613853093055054,0.00910203066620695,0.500082782161578,"lmer",0.753346672746517
"47","C8_QI3670",7600,-0.00203276722057128,0.00839319202057547,0.808641883259812,"lmer",0.925772908329338
"48","C8_QI3679",7626,0.00146262207987773,0.008295505943976,0.860054378018926,"lmer",0.947441528461941
"49","C8_QI3698",7623,-0.00113967371349444,0.0090510440969032,0.899803758318076,"lmer",0.960538424478515
"50","C8_QI8300",7624,0.00134554220400066,0.00931612849717875,0.885166131743282,"lmer",0.951346777107266
"51","C8_QI8223",7626,0.00209883554752053,0.00803900337198783,0.794041469317629,"lmer",0.922371403752801
"52","C8_QI8146",7625,0.002935884732471,0.00767795777384694,0.702198623252208,"lmer",0.867069038878943
"53","C8_QI8066",7626,0.000980982493311181,0.00895211399547648,0.912746444440436,"lmer",0.960538424478515
"54","C8_QI7914",7623,0.00536892553394892,0.00833408020091597,0.519469612819068,"lmer",0.760099952345233
"55","C8_QI7760",7623,-0.0164882586366187,0.00934979646567685,0.0778850268002822,"lmer",0.332420406093621
"56","C8_QI4968",7601,0.00774659855758957,0.0090667860171683,0.392932308935037,"lmer",0.68637777747583
"57","C8_QI4993",7624,-0.00131924202082603,0.00854594155137772,0.877324398330026,"lmer",0.951346777107266
"58","C8_QI7229",7617,-0.0015266576637335,0.00891415008883832,0.864025219440542,"lmer",0.947441528461941
"59","C8_QI7070",7613,0.00519590665769061,0.00851743451806835,0.541871455145009,"lmer",0.772819918730157
"60","C18_Eicosapentaenoic.acid",7596,0.0241061024952107,0.00844188143855589,0.00431581892278349,"lmer",0.12285616128584
"61","C18_Docosahexaenoic.acid",7596,0.025539444619364,0.0080045653312617,0.00142935631601974,"lmer",0.0821879881711353
"62","C18_Docosapentaenoic.acid..22n.6.",7596,0.0192026650876126,0.00855889171881742,0.0249065336277625,"lmer",0.204589383370906
"63","C18_X11.methyl.lauric.acid",7595,0.0230940119639153,0.00863405828657374,0.0075052330676504,"lmer",0.123300257539971
"64","C18_QI46395",7593,0.0104242684765586,0.00857609637801362,0.224237785116792,"lmer",0.55842262201007
"65","C18_QI46396",7590,0.0102793782756118,0.00862247321929736,0.233261133047724,"lmer",0.566699006547194
"66","C18_QI46781",7596,-0.00527881057557084,0.00878493746292062,0.547941060444151,"lmer",0.772819918730157
"67","C18_QI46812",7596,-0.00435528575564184,0.0088463522603235,0.622513126814313,"lmer",0.827385151682105
"68","C18_QI47166",7595,0.0014007445770219,0.00824198884428504,0.865055308595685,"lmer",0.947441528461941
"69","C18_QI49700",7596,0.00702003702789999,0.00870874234572126,0.420232940054658,"lmer",0.704899138807221
"70","C18_QI49706",7596,0.00741945660104306,0.00870205831275672,0.393921159246998,"lmer",0.68637777747583
"71","C18_QI49710",7596,0.00607823171090307,0.0087721096375658,0.488405237658804,"lmer",0.752193648082861
"72","C18_QI49714",7595,0.00714263052985345,0.00871510878095737,0.412505303861695,"lmer",0.702786813986591
"73","C18_QI49716",7596,0.0075275890332294,0.00875013616223835,0.389678840170703,"lmer",0.68637777747583
"74","C18_QI49720",7595,0.00840353557919145,0.00876933005372586,0.337969283412587,"lmer",0.662959138637661
"75","C18_QI49721",7596,0.00705764298575109,0.00880659209287219,0.422939483284332,"lmer",0.704899138807221
"76","C18_QI49733",7595,0.00822775818803072,0.00882736854579284,0.351348137208135,"lmer",0.675194646791809
"77","C18_QI10880",7593,0.0189905057188336,0.00906216220298411,0.0361750622937407,"lmer",0.260008260236261
"78","C18_QI11017",7596,0.0161331423533221,0.00881630527253658,0.0673273976322771,"lmer",0.332420406093621
"79","C18_QI11070",7596,0.0134111780807747,0.00884798511857064,0.129656856590506,"lmer",0.420015169236851
"80","C18_QI11584",7596,0.0163375728508473,0.00901630194010404,0.0700518618420984,"lmer",0.332420406093621
"81","C18_QI11587",7593,0.0176389300255656,0.00906643647180036,0.0517743122112401,"lmer",0.309287582643085
"82","C18_QI11740",7596,0.0169446381238912,0.00886150536019031,0.0559183611882268,"lmer",0.321530576832304
"83","C18_QI11743",7595,0.0157989148337635,0.00879111490239882,0.0723791142783846,"lmer",0.332420406093621
"84","C18_QI11750",7596,0.0154271913012295,0.00880677337946642,0.0798858219437843,"lmer",0.332420406093621
"85","C18_QI11755",7596,0.0152627862722936,0.0088064274824024,0.0831385267385557,"lmer",0.332420406093621
"86","C18_QI12574",7595,0.0201816105895545,0.00840519218988419,0.0163862281447295,"lmer",0.179468213013704
"87","C18_QI13002",7596,0.0177298508357575,0.00781194302300123,0.0232798115328731,"lmer",0.198309505650401
"88","C18_QI13014",7596,0.0203297285998436,0.00791894157762096,0.0102833620715917,"lmer",0.139127839792122
"89","C18_QI13135",7594,-0.00195888872628038,0.0080197608267026,0.807042381887591,"lmer",0.925772908329338
"90","C18_QI13137",7596,0.00833343451090258,0.00762676108965193,0.274603073011183,"lmer",0.597235125823481
"91","C18_QI13138",7596,0.00780918371706101,0.00759433337512606,0.30386859620061,"lmer",0.620541778358251
"92","C18_QI13141",7596,0.00924236928492867,0.00759385399256065,0.223635802246232,"lmer",0.55842262201007
"93","C18_QI13144",7595,0.00698748193465796,0.0077783742732533,0.369062349562803,"lmer",0.679074723195557
"94","C18_QI13468",7588,-0.000647901706807404,0.00772399727086977,0.933154273526576,"lmer",0.962446111709025
"95","C18_QI13541",7595,0.0132539115345421,0.00770013977404448,0.085273060693581,"lmer",0.332420406093621
"96","C18_QI13534",7596,0.0186796362916786,0.0078421564548499,0.0172623176895444,"lmer",0.180469684936146
"97","C18_QI13537",7594,0.0137402481142976,0.0078970435684421,0.0819409893305195,"lmer",0.332420406093621
"98","C18_QI13538",7596,0.0188589714485575,0.00782931524168053,0.0160464111012966,"lmer",0.179468213013704
"99","C18_QI13627",7590,0.00966071785468082,0.00783295466680747,0.217513061139639,"lmer",0.55842262201007
"100","C18_QI13636",7595,0.0101954175406603,0.0079401149521544,0.19919477382001,"lmer",0.526606873317268
"101","C18_QI13637",7596,0.00910917809968345,0.00765414969806754,0.234071328791232,"lmer",0.566699006547194
"102","C18_QI13639",7596,0.00929203625404775,0.00767034633425714,0.22579697324755,"lmer",0.55842262201007
"103","C18_QI13640",7596,-0.00744417463584275,0.00814373539242676,0.360713585661959,"lmer",0.678080208628979
"104","C18_QI13642",7596,0.00896236014612668,0.00813567524923908,0.270688984182735,"lmer",0.597235125823481
"105","C18_QI14104",7592,0.0130394993797606,0.00852864340236937,0.126357835347761,"lmer",0.415175744714073
"106","C18_QI15160",7596,0.00836945045529461,0.00682936510786112,0.220448371730459,"lmer",0.55842262201007
"107","C18_QI15652",7596,0.0160157301797555,0.00923164458776556,0.0828316249494391,"lmer",0.332420406093621
"108","C18_QI16352",7596,0.0180515591431613,0.00836798364654249,0.0310408293331838,"lmer",0.237979691554409
"109","C18_QI16867",7591,0.0119186901630138,0.00849291404024303,0.160575636124131,"lmer",0.47356375487663
"110","C18_QI17491",7595,0.0115277060634132,0.00867859446861319,0.184148641231606,"lmer",0.510291415461078
"111","C18_QI18689",7596,-0.0015864010628953,0.0067083566964396,0.813070119489245,"lmer",0.925772908329338
"112","C18_QI18681",7595,0.0140995362617414,0.00873506853124191,0.106568697047664,"lmer",0.388093154845261
"113","C18_QI18792",7596,0.0232669886196011,0.00844405554719442,0.00588484680763911,"lmer",0.123046796887
"114","C18_QI19318",7596,0.0180685584737566,0.00859625701452528,0.0356161618383845,"lmer",0.260008260236261
"115","C18_QI19592",7590,-0.000911987256797101,0.00575695379305746,0.874137300814563,"lmer",0.951346777107266
"116","C18_QI19734",7595,-0.0032737905305887,0.00708481300338352,0.644042593412665,"lmer",0.844430046975726
"117","C18_QI19857",7590,-0.00314507064327797,0.0069550632806095,0.651147979642535,"lmer",0.844430046975726
"118","C18_QI19930",7596,0.0245506729251873,0.00843057433157727,0.00360752710137347,"lmer",0.120654289669331
"119","C18_QI20106",7594,0.0259985041536057,0.00894481104365715,0.0036720870768927,"lmer",0.120654289669331
"120","C18_QI20356",7596,-0.000661396899271078,0.00631000615614437,0.916525724127348,"lmer",0.960538424478515
"121","C18_QI21039",7596,0.0270440630504463,0.00801284439875839,0.000744080736692712,"lmer",0.0570461898131079
"122","C18_QI21046",7596,0.0202427407142958,0.00765297724475949,0.0081953630127263,"lmer",0.125662232861803
"123","C18_QI21963",7589,0.0163348199446179,0.00842009564814201,0.0524444161873058,"lmer",0.309287582643085
"124","HILIC_CAR.13.0",7629,0.00724845342284982,0.00800867850708095,0.365473518567331,"lmer",0.678080208628979
"125","HILIC_CAR.16.4",7626,0.00491448463766825,0.00855256980084575,0.565576002803284,"lmer",0.778937009848834
"126","HILIC_PC.P.36.5.or.PC.O.36.6",7629,0.0162593130770699,0.00942053907059413,0.0844257474733534,"lmer",0.332420406093621
"127","HILIC_PC.P.35.1.or.PC.O.35.2",7629,0.0137309589263182,0.00859662323600238,0.110279166094391,"lmer",0.388093154845261
"128","HILIC_PC.P.38.6.or.PC.O.38.7",7629,0.0155867036975779,0.00778680112003298,0.0453785081310947,"lmer",0.306972260886817
"129","HILIC_LPE.22.6",7629,0.0219179990910342,0.00812761033623762,0.00702819448609245,"lmer",0.123300257539971
"130","HILIC_PE.P.35.2.or.PE.O.35.3",7628,0.0127333736687975,0.00924040334384732,0.168267805594257,"lmer",0.48376994108349
"131","HILIC_PE.P.38.6.or.PE.O.38.7",7629,0.0191027970757932,0.00793640523587776,0.0161245444116617,"lmer",0.179468213013704
"132","HILIC_PE.P.38.4.or.PE.O.38.5",7629,0.0124919353934408,0.00890191654553303,0.160599882088596,"lmer",0.47356375487663
"133","HILIC_PE.P.40.6.or.PE.O.40.7",7629,0.0209971404878775,0.00778665541323379,0.00703194326354688,"lmer",0.123300257539971
"134","HILIC_PE.38.6",7629,0.00848460390461185,0.00754471114458438,0.260828706138796,"lmer",0.588143160901208
"135","HILIC_PE.40.6",7629,0.00709579194267708,0.00765027730890946,0.353705873600084,"lmer",0.675194646791809
"136","HILIC_QI03113",7617,0.00627521068608281,0.0081503051328992,0.441378588785772,"lmer",0.71490898183611
"137","HILIC_QI03469",7627,0.00147384987362596,0.00780702148268037,0.850269700587425,"lmer",0.947441528461941
"138","HILIC_QI03413",7629,-0.00605373216426162,0.00801982466744536,0.45038081131416,"lmer",0.720635933086476
"139","HILIC_QI04038",7629,0.000568513966142098,0.00672514828911713,0.932634480293285,"lmer",0.962446111709025
"140","HILIC_QI04484",7610,0.00522600725897659,0.00883961730673275,0.554414289523808,"lmer",0.772819918730157
"141","HILIC_QI06581",7611,0.00335022965072183,0.00840551351068921,0.690224964278128,"lmer",0.866677702038467
"142","HILIC_QI14027",7629,0.0230377916344884,0.00816636303435505,0.00480741500683722,"lmer",0.12285616128584
"143","HILIC_QI14075",7629,0.0203660810423413,0.00886609641112417,0.0216598676404318,"lmer",0.191606521434589
"144","HILIC_QI14851",7625,0.0157018015556163,0.00864109755326729,0.069266615371757,"lmer",0.332420406093621
"145","HILIC_QI14871",7629,0.0129618974448135,0.00765703555865351,0.0905604858256999,"lmer",0.341457569506737
"146","HILIC_QI14939",7629,0.0149507499958193,0.00938886025974088,0.111365861825162,"lmer",0.388093154845261
"147","HILIC_QI14950",7629,0.00179202730295521,0.00819740272215788,0.826964385541938,"lmer",0.936954722535201
"148","HILIC_QI14962",7629,0.0183855736103442,0.00944834333976806,0.05172799333237,"lmer",0.309287582643085
"149","HILIC_QI16652",7629,0.0113745547766498,0.00846410647196937,0.179062185598882,"lmer",0.50224759375296
"150","HILIC_QI18275",7627,0.0175381984472428,0.00894636918907165,0.0500136725504453,"lmer",0.309287582643085
"151","HILIC_QI18984",7629,-0.00681015033876559,0.00649571255282236,0.294508716622907,"lmer",0.616148427235062
"152","HILIC_QI19128",7627,0.00599149815504277,0.00677939753957976,0.376862511566334,"lmer",0.682506910710684
"153","HILIC_QI19305",7629,-0.00195288363339539,0.00639716588459736,0.760172416172313,"lmer",0.909498300966243
"154","C8_LPC.17.0.0.0",7627,-0.00181393181257389,0.00972202886247202,0.851998599676875,"lmer",0.947441528461941
"155","C8_TG.54.3",7627,-0.0316742591251155,0.00934994169224663,0.00071091524661183,"lmer",0.0570461898131079
"156","C8_QI12040",7627,0.00556592545677008,0.00968318212546621,0.565452392964122,"lmer",0.778937009848834
"157","C8_QI11962",7627,0.00185817455201492,0.00981428411355093,0.849839765392545,"lmer",0.947441528461941
"158","C8_QI11946",7627,-0.000509822712472711,0.00880530198859221,0.953831233136246,"lmer",0.979380284023823
"159","C8_QI295",7627,-0.0151283422885474,0.00888066949142742,0.0885400761851611,"lmer",0.339403625376451
"160","C8_QI11950",7627,0.0035803591966906,0.00899078762696292,0.690482928706218,"lmer",0.866677702038467
"161","C8_QI303",7627,-0.0149772672249859,0.0095768331165916,0.117908614642845,"lmer",0.403721561441054
"162","C8_QI300",7627,-0.00865942517460601,0.008870333479705,0.329005949887631,"lmer",0.65233938339789
"163","C8_QI11918",7627,0.00323705981927091,0.00935591337252678,0.72936557042979,"lmer",0.881450516727645
"164","C8_QI320",7627,0.00112209168104886,0.00937197603417575,0.904703583752984,"lmer",0.960538424478515
"165","C8_QI357",7627,0.00419519718686304,0.00914252575580427,0.646352116187086,"lmer",0.844430046975726
"166","C8_QI11802",7627,0.00806823294770394,0.00964500551327312,0.402906596958444,"lmer",0.69155609925703
"167","C8_QI11801",7627,0.00807824447510885,0.00964612235407555,0.40237776983183,"lmer",0.69155609925703
"168","C8_QI502",7625,-0.0222141099038753,0.00962751802363952,0.0210796214772087,"lmer",0.191606521434589
"169","C8_QI11640",7627,-0.0114323959007627,0.00878490635441002,0.193198418156963,"lmer",0.526606873317268
"170","C8_QI620",7627,0.00170542320524034,0.00951347674173028,0.857738385324181,"lmer",0.947441528461941
"171","C8_QI605",7627,-0.00346283712436498,0.00889620490175803,0.69711032555268,"lmer",0.866677702038467
"172","C8_QI11635",7627,-0.0107756066957014,0.00931404351558831,0.247365275029127,"lmer",0.58653621914123
"173","C8_QI607",7627,-0.00564207671387865,0.00941489627906634,0.54902176166342,"lmer",0.772819918730157
"174","C8_QI608",7626,-0.0182230597149267,0.0089723139775334,0.0423097097006616,"lmer",0.29488585548946
"175","C8_QI611",7627,-0.0131596059931756,0.00923953903246497,0.154436221269736,"lmer",0.47356375487663
"176","C8_QI659",7627,-0.00274491599051193,0.00912173567384007,0.76348898817301,"lmer",0.909498300966243
"177","C8_QI699",7627,-0.016822608768592,0.00976050736153469,0.084859259479113,"lmer",0.332420406093621
"178","C8_QI791",7627,-0.00952669016988746,0.00930231513702049,0.305832582277697,"lmer",0.620541778358251
"179","C8_QI11467",7627,-0.0153533193578301,0.00854130948126391,0.0723170524085757,"lmer",0.332420406093621
"180","C8_QI11450",7627,-0.0120702220221881,0.00933126556556158,0.195894908936645,"lmer",0.526606873317268
"181","C8_QI11446",7623,-0.0237281551425612,0.00918649680117634,0.00982704254944192,"lmer",0.139127839792122
"182","C8_QI879",7627,-0.00886956960467873,0.00929710712485603,0.340126862431495,"lmer",0.662959138637661
"183","C8_QI887",7627,0.00690680113313235,0.00948691639779107,0.466630009824344,"lmer",0.732576506813801
"184","C8_QI11354",7627,0.000288466958459942,0.00939921011366454,0.975517668969738,"lmer",0.986366722236439
"185","C8_QI11299",7607,-0.00536221174026885,0.00972751067625123,0.581495493598285,"lmer",0.796095020997652
"186","C8_QI11274",7627,-0.00964630012645452,0.00949909065642472,0.309922202021413,"lmer",0.620541778358251
"187","C8_QI11207",7626,3.57161457006093e-05,0.00975385566074898,0.997078516491023,"lmer",0.997078516491023
"188","C8_QI11062",7627,-0.00727348217174648,0.00975064461577857,0.455736790696451,"lmer",0.72289284041506
"189","C8_QI1170",7627,-0.0121256018642654,0.00855720749640379,0.156550515104999,"lmer",0.47356375487663
"190","C8_QI1202",7627,-0.0088863222717377,0.0096107481002386,0.355211096790473,"lmer",0.675194646791809
"191","C8_QI1244",7627,-0.0135095253288934,0.00975737722357921,0.166259099928852,"lmer",0.48376994108349
"192","C8_QI10998",7627,-0.0224240199236118,0.00955474121741695,0.0189727297529587,"lmer",0.189727297529587
"193","C8_QI1352",7627,-0.0161998442434385,0.00931767468414356,0.0821695895773247,"lmer",0.332420406093621
"194","C8_QI10837",7627,-0.0185292501750459,0.00978876807754068,0.0584327352004774,"lmer",0.322410918533768
"195","C8_QI1410",7627,-0.0156344909160734,0.00904559905372133,0.0839834656806622,"lmer",0.332420406093621
"196","C8_QI1471",7627,-0.00349906188929774,0.0092408601433364,0.704964827262445,"lmer",0.867069038878943
"197","C8_QI10726",7627,-0.00588577017025338,0.009803460129515,0.548285102261698,"lmer",0.772819918730157
"198","C8_QI1514",7627,-0.000344605645742509,0.0088408363690109,0.968908952659746,"lmer",0.986057783680272
"199","C8_QI10722",7627,-0.0114895205440612,0.00894409998895585,0.199000350221817,"lmer",0.526606873317268
"200","C8_QI1560",7627,-0.0130276982877913,0.00870323800626336,0.134494384390222,"lmer",0.429634839024319
"201","C8_QI10686",7627,0.00946831813639588,0.00927213595965391,0.307233949728973,"lmer",0.620541778358251
"202","C8_QI10680",7627,-0.0137460093503581,0.00859344616322716,0.109759103806298,"lmer",0.388093154845261
"203","C8_QI1567",7627,-0.00694186737225383,0.00885419503070294,0.433069596616967,"lmer",0.711471480156446
"204","C8_QI10448",7627,-0.00835172306553159,0.00922958012186658,0.365573677695623,"lmer",0.678080208628979
"205","C8_QI10423",7627,-0.00238616260881931,0.00841630578181436,0.776793906443831,"lmer",0.916218453754263
"206","C8_QI1817",7627,-0.0056284538381468,0.00876351912643065,0.520737494007426,"lmer",0.760099952345233
"207","C8_QI10392",7627,-0.00222449019573395,0.00935549193515323,0.812067349163608,"lmer",0.925772908329338
"208","C8_QI1950",7627,-0.0083162298518395,0.00965465845125576,0.389079777658478,"lmer",0.68637777747583
"209","C8_QI10256",7627,-0.00276797527123274,0.00934707271374464,0.767142045162831,"lmer",0.909498300966243
"210","C8_QI1958",7627,-0.00568112220304685,0.00955860620247487,0.552309903589641,"lmer",0.772819918730157
"211","C8_QI1990",7627,-0.0110501232579187,0.00967048262057677,0.253238214158512,"lmer",0.58756136445633
"212","C8_QI10254",7627,-0.00377260007063443,0.00908701859995353,0.678041609929059,"lmer",0.866677702038467
"213","C8_QI2028",7627,-0.0100500478337378,0.00928090049417767,0.278921409826149,"lmer",0.597235125823481
"214","C8_QI2157",7627,-0.00439784445355938,0.00899696805353394,0.62499674771587,"lmer",0.827385151682105
"215","C8_QI2158",7627,-0.0105034662357388,0.00925898936262548,0.256683230316801,"lmer",0.58756136445633
"216","C8_QI10083",7627,-0.00631213316298164,0.00935463183447972,0.499862148184588,"lmer",0.753346672746517
"217","C8_QI9990",7627,-0.0124232126340305,0.00908390818759664,0.171503037167232,"lmer",0.486983932697078
"218","C8_QI9619",7627,-0.01759351914752,0.00931072956570144,0.0588750372974707,"lmer",0.322410918533768
"219","C8_QI2685",7624,-0.0074628679455371,0.00857980424966671,0.384445728941098,"lmer",0.68637777747583
"220","C8_QI9453",7627,-0.0174464135018128,0.00934197469813837,0.0618917246069065,"lmer",0.331048759525314
"221","C8_QI2905",7627,-0.0024044353465936,0.00875047991097997,0.783499667863258,"lmer",0.918689221942587
"222","C8_QI9336",7627,-0.0100816096922799,0.00878465356025652,0.251178059770603,"lmer",0.58756136445633
"223","C8_QI8758",7626,-0.00604916363180118,0.00833847543726713,0.46821194131143,"lmer",0.732576506813801
"224","C8_QI3552",7627,-0.0219920563754458,0.00954362701754725,0.0212464737983586,"lmer",0.191606521434589
"225","C8_QI8611",7627,-0.0101939723755929,0.00937862011428065,0.277121504593665,"lmer",0.597235125823481
"226","C8_QI8521",7627,-0.0194804388848872,0.00885595712589625,0.0278779814585758,"lmer",0.22110123225767
"227","C8_QI7126",7626,-0.0251777092935939,0.00903607491997654,0.00535247065594486,"lmer",0.123046796887
"228","C8_QI5232",7626,-0.0225358765651302,0.00885488300401359,0.0109598809499603,"lmer",0.140042923249493
"229","C8_QI5367",7626,-0.0358228442048333,0.00931140861277684,0.000121105200916335,"lmer",0.0278541962107569
"230","HILIC_QI14974",7628,-0.0111860910660843,0.00724675784413098,0.122756154614377,"lmer",0.409187182047924
